Epsilon,Risco
10.0,0.1546532704806202
1.0,0.09908023354646711
0.1,0.10701923882277468
