Epsilon,Risco
10.0,0.12885150333262055
1.0,0.17450078367138913
0.1,0.1506837678424664
