Epsilon,Risco
10.0,0.16854652971415846
1.0,0.16457702707600466
0.1,0.12686675201354364
