Cenário;Epsilon;JSD;SinglingOut;Linkability;Inference;RandomForest_F1_Real;RandomForest_F1_Syn;RandomForest_Acc_Delta;XGBoost_F1_Real;XGBoost_F1_Syn;XGBoost_Acc_Delta
High-Fidelity;1.0;0.5521;0.0296;0.0038;0.1169;0.4890060609129398;0.21144110324365115;0.41880000000000006;0.5765970330728697;0.2121356867332584;0.4560333333333333
Wrangling-Only;N/A;1.0;0.9962;0.0038;0.5099;0.4902287182098074;0.5000837600092191;-0.008099999999999996;0.571361099554241;0.5948632289483093;-0.02093333333333325
Intensive-eps-0.1;0.1;0.5443;0.0217;0.0038;0.1408;0.4902287182098074;0.23504731228753714;0.395;0.571361099554241;0.24345285959696147;0.42240000000000005
Intensive-eps-1.0;1.0;0.5443;0.0137;0.0038;0.1368;0.4902287182098074;0.18053534330222223;0.43099999999999994;0.571361099554241;0.15944282755518507;0.4875333333333334
Intensive-eps-10.0;10.0;0.5444;0.0118;0.0038;0.1427;0.4902287182098074;0.19686244369655936;0.4185;0.571361099554241;0.16259091347804205;0.4872333333333334
